StartDate,EndDate,Status,IPAddress,Progress,Duration (in seconds),Finished,RecordedDate,ResponseId,RecipientLastName,RecipientFirstName,RecipientEmail,ExternalReference,LocationLatitude,LocationLongitude,DistributionChannel,UserLanguage,Q31,Q1,Q2,Q2_6_TEXT,Q3,Q29,Q9,Q9_6_TEXT,Q4,Q4_242_TEXT,Q5,Q5_7_TEXT,Q6,Q6_10_TEXT,Q7,Q7_11_TEXT,Q8,Q8_10_TEXT,Q10,Q11,Q12,Q13,Q14,Q15,Q16,Q17,Q18,Q19,Q19_8_TEXT,Q20,Q21,Q22,Q23,Q24_1,Q24_2,Q24_3,Q24_4,Q24_5,Q24_6,Q24_7,Q24_8,Q24_9,Q24_10,Q24_11,Q25_1,Q25_2,Q25_3,Q25_4,Q25_5,Q25_6,Q25_7,Q25_8,Q25_9,Q25_10,Q25_11,Q27,Q28
Start Date,End Date,Response Type,IP Address,Progress,Duration (in seconds),Finished,Recorded Date,Response ID,Recipient Last Name,Recipient First Name,Recipient Email,External Data Reference,Location Latitude,Location Longitude,Distribution Channel,User Language,"By clicking yes, you are consenting to taking the survey",Are you on the pre-medical track?,Year in undergraduate program - Selected Choice,Year in undergraduate program - Other  - Text,Age,Which of the following best describes you? Select all that apply,Gender identity (select all that apply) - Selected Choice,Gender identity (select all that apply) - Other  - Text,Which undergraduate university do you currently attend? - Selected Choice,Which undergraduate university do you currently attend? - Other - Text,What degree will you receive at the end of your undergraduate studies? - Selected Choice,What degree will you receive at the end of your undergraduate studies? - Other - Text,Which category does your primary undergraduate major fit into best? - Selected Choice,Which category does your primary undergraduate major fit into best? - Other  - Text,"If you have a second major, what category does your second major fit into best? - Selected Choice","If you have a second major, what category does your second major fit into best? - Other  - Text","Which category does your undergraduate minor fit into best? If you have more than one minor, select all that apply. - Selected Choice","Which category does your undergraduate minor fit into best? If you have more than one minor, select all that apply. - Other  - Text",Were you born outside of the United States?,Where were you born?,Have you ever lived outside of the United States?,How long have you lived outside of the United States?,Are you interested in pursuing a career in global health? (both domestic and international global health work),Which aspects of the global health field interest you when considering your medical career? (select all that apply),"In your opinion, in addition to clinical training, physicians who work within global health (domestic or international) should have educational training in which academic disciplines? (select all that apply)",All pre-medical students should take at least one global health-focused class before entering medical school.,"In your opinion, are there enough global health opportunities available to US pre-medical students?","Which, if any, of the following do you perceive as reasons it is difficult for undergraduate pre-medical students to learn more about global health and gain experience in the field prior to medical school? (select all that apply) - Selected Choice","Which, if any, of the following do you perceive as reasons it is difficult for undergraduate pre-medical students to learn more about global health and gain experience in the field prior to medical school? (select all that apply) - Other (please specify): - Text",What do you think should be required for pre-medical students to engage in clinical global health work and/or mission trips? (select all that apply),Short-term mission trips are an effective way to address global health challenges.,Practicing clinical medicine is the most important aspect of global health,"In your opinion, what are the greatest barriers to providing healthcare in low-resource settings? Select the top three",Rank the following in order of the medical field that you believe has historically had the GREATEST impact on the global health field to the medical field you believe has historically had the LEAST impact on the global health field. - Emergency medicine ,Rank the following in order of the medical field that you believe has historically had the GREATEST impact on the global health field to the medical field you believe has historically had the LEAST impact on the global health field. - Family medicine ,Rank the following in order of the medical field that you believe has historically had the GREATEST impact on the global health field to the medical field you believe has historically had the LEAST impact on the global health field. - Infectious Diseases,Rank the following in order of the medical field that you believe has historically had the GREATEST impact on the global health field to the medical field you believe has historically had the LEAST impact on the global health field. - Neurology,Rank the following in order of the medical field that you believe has historically had the GREATEST impact on the global health field to the medical field you believe has historically had the LEAST impact on the global health field. - OB/GYN (including maternal fetal medicine),Rank the following in order of the medical field that you believe has historically had the GREATEST impact on the global health field to the medical field you believe has historically had the LEAST impact on the global health field. - Oncology,Rank the following in order of the medical field that you believe has historically had the GREATEST impact on the global health field to the medical field you believe has historically had the LEAST impact on the global health field. - Pediatrics ,Rank the following in order of the medical field that you believe has historically had the GREATEST impact on the global health field to the medical field you believe has historically had the LEAST impact on the global health field. - Psychiatry ,"Rank the following in order of the medical field that you believe has historically had the GREATEST impact on the global health field to the medical field you believe has historically had the LEAST impact on the global health field. - Surgical care (elective, urgent & obstetric)",Rank the following in order of the medical field that you believe has historically had the GREATEST impact on the global health field to the medical field you believe has historically had the LEAST impact on the global health field. - Ophthalmology,Rank the following in order of the medical field that you believe has historically had the GREATEST impact on the global health field to the medical field you believe has historically had the LEAST impact on the global health field. - Orthopedics,Rank the following in order of the medical field that you believe will have the GREATEST impact on the global health field in the future to the medical field you believe will have the LEAST impact on the global health field in the future. - Emergency medicine ,Rank the following in order of the medical field that you believe will have the GREATEST impact on the global health field in the future to the medical field you believe will have the LEAST impact on the global health field in the future. - Family medicine ,Rank the following in order of the medical field that you believe will have the GREATEST impact on the global health field in the future to the medical field you believe will have the LEAST impact on the global health field in the future. - Infectious Diseases,Rank the following in order of the medical field that you believe will have the GREATEST impact on the global health field in the future to the medical field you believe will have the LEAST impact on the global health field in the future. - Neurology,Rank the following in order of the medical field that you believe will have the GREATEST impact on the global health field in the future to the medical field you believe will have the LEAST impact on the global health field in the future. - OB/GYN (including maternal fetal medicine),Rank the following in order of the medical field that you believe will have the GREATEST impact on the global health field in the future to the medical field you believe will have the LEAST impact on the global health field in the future. - Oncology,Rank the following in order of the medical field that you believe will have the GREATEST impact on the global health field in the future to the medical field you believe will have the LEAST impact on the global health field in the future. - Pediatrics ,Rank the following in order of the medical field that you believe will have the GREATEST impact on the global health field in the future to the medical field you believe will have the LEAST impact on the global health field in the future. - Psychiatry ,"Rank the following in order of the medical field that you believe will have the GREATEST impact on the global health field in the future to the medical field you believe will have the LEAST impact on the global health field in the future. - Surgical care (elective, urgent & obstetric)",Rank the following in order of the medical field that you believe will have the GREATEST impact on the global health field in the future to the medical field you believe will have the LEAST impact on the global health field in the future. - Ophthalmology,Rank the following in order of the medical field that you believe will have the GREATEST impact on the global health field in the future to the medical field you believe will have the LEAST impact on the global health field in the future. - Orthopedics,"In your opinion, which THREE of the following medical fields contribute MOST to strengthening the delivery of all other types of care?",Increasing access to surgical care should be a priority for countries increasing access to healthcare
"{""ImportId"":""startDate"",""timeZone"":""America/Denver""}","{""ImportId"":""endDate"",""timeZone"":""America/Denver""}","{""ImportId"":""status""}","{""ImportId"":""ipAddress""}","{""ImportId"":""progress""}","{""ImportId"":""duration""}","{""ImportId"":""finished""}","{""ImportId"":""recordedDate"",""timeZone"":""America/Denver""}","{""ImportId"":""_recordId""}","{""ImportId"":""recipientLastName""}","{""ImportId"":""recipientFirstName""}","{""ImportId"":""recipientEmail""}","{""ImportId"":""externalDataReference""}","{""ImportId"":""locationLatitude""}","{""ImportId"":""locationLongitude""}","{""ImportId"":""distributionChannel""}","{""ImportId"":""userLanguage""}","{""ImportId"":""QID34""}","{""ImportId"":""QID1""}","{""ImportId"":""QID6""}","{""ImportId"":""QID6_6_TEXT""}","{""ImportId"":""QID2""}","{""ImportId"":""QID31""}","{""ImportId"":""QID10""}","{""ImportId"":""QID10_6_TEXT""}","{""ImportId"":""QID3""}","{""ImportId"":""QID3_242_TEXT""}","{""ImportId"":""QID5""}","{""ImportId"":""QID5_7_TEXT""}","{""ImportId"":""QID7""}","{""ImportId"":""QID7_10_TEXT""}","{""ImportId"":""QID8""}","{""ImportId"":""QID8_11_TEXT""}","{""ImportId"":""QID9""}","{""ImportId"":""QID9_10_TEXT""}","{""ImportId"":""QID11""}","{""ImportId"":""QID12""}","{""ImportId"":""QID13""}","{""ImportId"":""QID14""}","{""ImportId"":""QID15""}","{""ImportId"":""QID16""}","{""ImportId"":""QID17""}","{""ImportId"":""QID19""}","{""ImportId"":""QID20""}","{""ImportId"":""QID21""}","{""ImportId"":""QID21_8_TEXT""}","{""ImportId"":""QID22""}","{""ImportId"":""QID23""}","{""ImportId"":""QID24""}","{""ImportId"":""QID25""}","{""ImportId"":""QID26_1""}","{""ImportId"":""QID26_2""}","{""ImportId"":""QID26_3""}","{""ImportId"":""QID26_4""}","{""ImportId"":""QID26_5""}","{""ImportId"":""QID26_6""}","{""ImportId"":""QID26_7""}","{""ImportId"":""QID26_8""}","{""ImportId"":""QID26_9""}","{""ImportId"":""QID26_10""}","{""ImportId"":""QID26_11""}","{""ImportId"":""QID27_1""}","{""ImportId"":""QID27_2""}","{""ImportId"":""QID27_3""}","{""ImportId"":""QID27_4""}","{""ImportId"":""QID27_5""}","{""ImportId"":""QID27_6""}","{""ImportId"":""QID27_7""}","{""ImportId"":""QID27_8""}","{""ImportId"":""QID27_9""}","{""ImportId"":""QID27_10""}","{""ImportId"":""QID27_11""}","{""ImportId"":""QID29""}","{""ImportId"":""QID30""}"
1/31/22 9:34,1/31/22 9:34,IP Address,129.62.68.69,100,31,TRUE,1/31/22 9:34,R_3R413bs5gk8iJZr,,,,,31.5171051,-97.11979675,anonymous,EN,Yes,Yes,4th year,,,,,,,,,,,,,,,,,,,,,,,,,,,,,,,,,,,,,,,,,,,,,,,,,,,,,,
1/25/22 14:42,1/25/22 14:44,IP Address,79.70.196.78,87,120,FALSE,1/31/22 9:35,R_2YgJiFH2M9hvR8c,,,,,,,anonymous,EN,Yes,,,,,,,,,,,,,,,,,,,,,,,,,,,,,,,,,,,,,,,,,,,,,,,,,,,,,,,,
1/31/22 9:35,1/31/22 9:36,IP Address,129.62.68.69,100,29,TRUE,1/31/22 9:36,R_3ikaMgm64p1jvtf,,,,,31.5171051,-97.11979675,anonymous,EN,Yes,Yes,4th year,,24-26,,,,,,,,,,,,,,,,,,,,,,,,,,,,,,,,,,,,,,,,,,,,,,,,,,,,
1/31/22 9:51,1/31/22 9:51,IP Address,79.70.212.159,100,40,TRUE,1/31/22 9:51,R_1oiKzgKCNOqbqWs,,,,,57.14529419,-2.094497681,anonymous,EN,Yes,,,,,,,,,,,,,,,,,,,,,,,,,,,,,,,,,1,2,4,5,6,3,7,8,9,10,11,,,,,,,,,,,,,
2/4/22 13:57,2/4/22 13:57,IP Address,67.198.85.199,100,9,TRUE,2/4/22 13:57,R_1mDe1LXWgAF8zj3,,,,,31.5171051,-97.11979675,anonymous,EN,No,,,,,,,,,,,,,,,,,,,,,,,,,,,,,,,,,,,,,,,,,,,,,,,,,,,,,,,,
2/7/22 15:22,2/7/22 15:24,IP Address,128.138.65.129,100,97,TRUE,2/7/22 15:24,R_2X1fTjEaVE8QtAV,,,,,39.9947052,-105.2366028,anonymous,EN,Yes,Yes,3rd year,,21-23,,,,University of Colorado Boulder,,Bachelor of Arts ,,Natural and physical sciences ,,No second undergraduate major ,,"Public health, health sciences, and nursing ",,,,No,,Unsure,,,,,,,,,,,,,,,,,,,,,,,,,,,,,,,,,,
2/8/22 9:37,2/8/22 9:38,IP Address,174.203.67.20,100,15,TRUE,2/8/22 9:38,R_3qeShKaMDXaeT1S,,,,,33.52259827,-86.80329895,anonymous,EN,Yes,,,,,,,,,,,,,,,,,,,,,,,,,,,,,,,,,,,,,,,,,,,,,,,,,,,,,,,,
2/8/22 9:35,2/8/22 9:45,IP Address,147.174.8.177,100,570,TRUE,2/8/22 9:45,R_2VedPmXoNfIDs5W,,,,,30.44299316,-90.43859863,anonymous,EN,Yes,Yes,2nd year,,18-20,White or Caucasian,Cis-Gender Woman ,,Southeastern Louisiana University,,Bachelor of Science ,,Pre-professional track - only choose this option if you do not have another major that fits into one of the above categories ,,No second undergraduate major ,,No minor ,,No,United States,No,,Yes,"Health equity ,Want to provide healthcare to underserved communities","Law ,Policy and Advocacy ,Sociology ,Language,Ethics",Agree,I don’t know,"Lack of extracurricular opportunities to explore the global health field at the student’s undergraduate institution,Time constraints with pre-medical class demands, shadowing, volunteering, etc ,Financial barriers that prevent students from participating in medical mission trips or unpaid global health internships  ",,"Education on the community’s culture and history ,Medical ethics education",Agree,Undecided ,"Lack of medical equipment and supplies ,Lack of health insurance/ a way to pay for medical care ,Lack of patient education regarding available healthcare ,Language barriers ,Transportation barriers ,Infrastructure (not adequate roads/buildings/etc)",5,1,6,9,3,10,2,4,7,8,11,2,3,7,8,4,9,5,1,6,10,11,"Emergency medicine ,Infectious Diseases,Psychiatry ",Strongly Agree 
2/8/22 10:07,2/8/22 10:14,IP Address,128.187.116.22,100,375,TRUE,2/8/22 10:14,R_25vh0ge5P7bVv9f,,,,,40.25840759,-111.6591034,anonymous,EN,Yes,Yes,4th year,,21-23,White or Caucasian,Cis-Gender Woman ,,Brigham University,,Bachelor of Science ,,Social science ,,No second undergraduate major ,,Social science ,,No,United States,No,,Unsure,"Health equity ,Travel opportunities ,Non-profit and healthcare administration,Want to provide healthcare to underserved communities,Cross-cultural experiences ","Policy and Advocacy ,Public Health ,Language,Ethics",Disagree,I don’t know,"Lack of global health faculty and faculty mentorship at the student’s undergraduate institution ,Lack of extracurricular opportunities to explore the global health field at the student’s undergraduate institution,Time constraints with pre-medical class demands, shadowing, volunteering, etc ,Other (please specify):",Medical schools constantly tell us that mission trips outside of the country are discouraged.,"United States clinical certification (ex. EMT, CNA, etc),Knowledge of the local language ,Medical ethics education,A non-clinical role on the mission trip (ex. Scribe, translator, research assistant, etc)",Strongly Disagree ,Undecided ,"Lack of medical equipment and supplies ,Lack of health insurance/ a way to pay for medical care ,Lack of patient education regarding available healthcare ",2,1,5,9,3,7,6,11,8,4,10,7,1,4,8,2,6,5,11,9,3,10,"Family medicine ,OB/GYN (including maternal fetal medicine),Ophthalmology",Agree
2/8/22 13:03,2/8/22 13:15,IP Address,147.174.8.160,100,668,TRUE,2/8/22 13:15,R_1OVKVBTzKNeHan0,,,,,30.44299316,-90.43859863,anonymous,EN,Yes,Yes,2nd year,,18-20,White or Caucasian,Cis-Gender Woman ,,Other,Southeastern Louisiana University,Bachelor of Science ,,"Public health, health sciences, and nursing ",,No second undergraduate major ,,No minor ,,No,United States,No,,No ,Not interested in the global health field ," Economics ,Business ,Policy and Advocacy ,Public Health ,Sociology ,Language,Ethics",Agree,No,"Lack of global health faculty and faculty mentorship at the student’s undergraduate institution ,Time constraints with pre-medical class demands, shadowing, volunteering, etc ,Financial barriers that prevent students from participating in medical mission trips or unpaid global health internships  ,Lack of mentorship from physicians involved in global health ",,"Education on the community’s culture and history ,Medical ethics education,A non-clinical role on the mission trip (ex. Scribe, translator, research assistant, etc)",Agree,Agree,"Physician supply (not enough qualified physicians) ,Lack of medical equipment and supplies ,Lack of health insurance/ a way to pay for medical care ,Lack of patient education regarding available healthcare ,Language barriers ,Transportation barriers ,Infrastructure (not adequate roads/buildings/etc)",1,3,2,8,4,9,6,11,5,10,7,1,2,3,6,4,8,7,9,5,10,11,"Emergency medicine ,Infectious Diseases,OB/GYN (including maternal fetal medicine)",Strongly Agree 
2/8/22 16:57,2/8/22 17:04,IP Address,67.166.25.130,100,382,TRUE,2/8/22 17:04,R_86NCbyKOn0drVIJ,,,,,40.01420593,-105.2853012,anonymous,EN,Yes,Yes,3rd year,,18-20,White or Caucasian,Cis-Gender Woman ,,University of Colorado Boulder,,Bachelor of Arts ,,Social science ,,No second undergraduate major ,,Natural and physical sciences ,,No,,No,,Yes,"Health equity ,Public health ,Want to provide healthcare to underserved communities","Public Health ,Sociology ,Language,Ethics",Strongly Agree ,No,"Lack of global health faculty and faculty mentorship at the student’s undergraduate institution ,Ethical issues with undergraduate students being involved in healthcare in a resource-limited community ,Lack of mentorship from physicians involved in global health ",,"United States clinical certification (ex. EMT, CNA, etc),Education on the community’s culture and history ,Medical ethics education,A non-clinical role on the mission trip (ex. Scribe, translator, research assistant, etc)",Strongly Disagree ,Disagree,"Physician supply (not enough qualified physicians) ,Lack of medical equipment and supplies ,Infrastructure (not adequate roads/buildings/etc)",2,3,1,7,4,11,5,9,6,8,10,4,1,3,6,2,9,5,7,8,10,11,"Family medicine ,OB/GYN (including maternal fetal medicine),Pediatrics ",Undecided 
2/8/22 17:52,2/8/22 17:58,IP Address,147.174.61.96,100,353,TRUE,2/8/22 17:58,R_1GWHWsBbymsVmSj,,,,,30.44299316,-90.43859863,anonymous,EN,Yes,Yes,4th year,,18-20,Black or African American ,Cis-Gender Woman ,,Southeastern Louisiana University,,Bachelor of Science ,,Natural and physical sciences ,,Natural and physical sciences ,,"Social science ,Math, computing, and data sciences ",,Yes,,Yes,15+ years ,Yes,"Health equity ,Public health ,Research opportunities ,Want to provide healthcare to underserved communities,Cross-cultural experiences ","Law ,Policy and Advocacy ,Public Health ,Sociology ,Language,Ethics",Agree,No,"Lack of global health faculty and faculty mentorship at the student’s undergraduate institution ,Lack of extracurricular opportunities to explore the global health field at the student’s undergraduate institution,Time constraints with pre-medical class demands, shadowing, volunteering, etc ,Financial barriers that prevent students from participating in medical mission trips or unpaid global health internships  ,Lack of global health research opportunities at the undergraduate level,Ethical issues with undergraduate students being involved in healthcare in a resource-limited community ,Lack of mentorship from physicians involved in global health ",,"United States clinical certification (ex. EMT, CNA, etc),Education on the community’s culture and history ,Medical ethics education,Previous volunteer experience,A non-clinical role on the mission trip (ex. Scribe, translator, research assistant, etc)",Strongly Disagree ,Agree,"Physician supply (not enough qualified physicians) ,Lack of medical equipment and supplies ,Lack of health insurance/ a way to pay for medical care ,Lack of patient education regarding available healthcare ,Language barriers ,Transportation barriers ,Infrastructure (not adequate roads/buildings/etc)",5,2,1,11,3,7,4,8,6,10,9,3,2,1,9,4,8,5,7,6,10,11,"Family medicine ,Infectious Diseases,OB/GYN (including maternal fetal medicine)",Agree
2/8/22 22:08,2/8/22 22:08,IP Address,137.229.82.68,100,11,TRUE,2/8/22 22:08,R_YPISuPDJhcLwWyt,,,,,64.85960388,-147.8540039,anonymous,EN,Yes,,,,,,,,,,,,,,,,,,,,,,,,,,,,,,,,,,,,,,,,,,,,,,,,,,,,,,,,
2/9/22 9:58,2/9/22 9:58,IP Address,128.138.65.149,100,9,TRUE,2/9/22 9:58,R_2XaMLH9Q2nY3kW2,,,,,40.01280212,-105.2759018,anonymous,EN,Yes,,,,,,,,,,,,,,,,,,,,,,,,,,,,,,,,,,,,,,,,,,,,,,,,,,,,,,,,
2/9/22 12:12,2/9/22 12:13,IP Address,217.180.196.97,100,35,TRUE,2/9/22 12:13,R_1C1tjz2K99nUqtm,,,,,30.54020691,-84.14459991,anonymous,EN,Yes,,,,,,,,,,,,,,,,,,,,,,,,,,,,,,,,,,,,,,,,,,,,,,,,,,,,,,,,
2/9/22 12:13,2/9/22 12:14,Spam,217.180.196.97,100,13,TRUE,2/9/22 12:14,R_3kh4o2S2JevIUko,,,,,30.54020691,-84.14459991,anonymous,EN,Yes,,,,,,,,,,,,,,,,,,,,,,,,,,,,,,,,,,,,,,,,,,,,,,,,,,,,,,,,
2/9/22 12:14,2/9/22 12:16,IP Address,217.180.196.97,100,71,TRUE,2/9/22 12:16,R_2zOuVT7pULgMO74,,,,,30.54020691,-84.14459991,anonymous,EN,Yes,Yes,,,,,,,,,,,,,,,,,,,,,,,,,,,,,,,,,,,,,,,,,,,,,,,,,,,,,,,
2/9/22 12:28,2/9/22 12:29,IP Address,69.140.128.65,100,61,TRUE,2/9/22 12:29,R_A04eWC6cSMxgVDb,,,,,38.95120239,-76.49440002,anonymous,EN,Yes,,,,,,,,,,,,,,,,,,,,,,,,,,,,,,,,,,,,,,,,,,,,,,,,,,,,,,,,
2/9/22 12:39,2/9/22 12:40,IP Address,76.100.148.35,100,118,TRUE,2/9/22 12:40,R_pReK46hQFnpBANX,,,,,38.8217926,-77.05310059,anonymous,EN,Yes,,,,,,,,,,,,,,,,,,,,,,,,,,,,,,,,,,,,,,,,,,,,,,,,,,,,,,,,
2/9/22 16:54,2/9/22 16:55,IP Address,134.197.0.149,100,18,TRUE,2/9/22 16:55,R_32Jg4j9sKvZPkFS,,,,,39.5381012,-119.8365021,anonymous,EN,Yes,,,,,,,,,,,,,,,,,,,,,,,,,,,,,,,,,,,,,,,,,,,,,,,,,,,,,,,,
2/9/22 16:56,2/9/22 16:57,IP Address,134.197.0.151,100,38,TRUE,2/9/22 16:57,R_1gHibjYXX749vDm,,,,,39.5381012,-119.8365021,anonymous,EN,Yes,,,,,,,,,,,,,,,,,,,,,,,,,,,,,,,,,,,,,,,,,,,,,,,,,,,,,,,,
2/9/22 16:58,2/9/22 16:58,Spam,134.197.0.151,100,16,TRUE,2/9/22 16:58,R_3hiHIlQ5pZiQSXL,,,,,39.5381012,-119.8365021,anonymous,EN,Yes,,,,,,,,,,,,,,,,,,,,,,,,,,,,,,,,,,,,,,,,,,,,,,,,,,,,,,,,
2/9/22 16:58,2/9/22 16:58,Spam,134.197.0.151,100,28,TRUE,2/9/22 16:58,R_SPLnjNHMzGLDKPD,,,,,39.5381012,-119.8365021,anonymous,EN,Yes,,,,,,,,,,,,,,,,,,,,,,,,,,,,,,,,,,,,,,,,,,,,,,,,,,,,,,,,
2/9/22 16:54,2/9/22 16:59,IP Address,134.197.0.149,100,310,TRUE,2/9/22 16:59,R_2AHBEXFnHoZmjfm,,,,,39.5381012,-119.8365021,anonymous,EN,Yes,Yes,1st year ,,18-20,Asian,Cis-Gender Woman ,,"University of Nevada, Reno",,Bachelor of Science ,,Pre-professional track - only choose this option if you do not have another major that fits into one of the above categories ,,No second undergraduate major ,,"Literature and language ,Other ",psychology,Yes,,Yes,5 - 10 years ,Yes,"Health equity ,Public health ,Non-profit and healthcare administration,Want to provide healthcare to underserved communities","Policy and Advocacy ,Public Health ,Sociology ,Language,Ethics",Agree,I don’t know,"Lack of extracurricular opportunities to explore the global health field at the student’s undergraduate institution,Financial barriers that prevent students from participating in medical mission trips or unpaid global health internships  ",,"Medical ethics education,A non-clinical role on the mission trip (ex. Scribe, translator, research assistant, etc)",Agree,Agree,"Lack of health insurance/ a way to pay for medical care ,Lack of patient education regarding available healthcare ",3,1,2,5,11,8,4,9,6,10,7,1,2,4,3,6,11,8,10,5,7,9,"Emergency medicine ,Family medicine ,Infectious Diseases",Agree
2/9/22 16:54,2/9/22 17:00,IP Address,166.216.158.125,100,319,TRUE,2/9/22 17:00,R_23fyr6xJ3rDEV2S,,,,,38.47990417,-121.4450989,anonymous,EN,Yes,Yes,1st year ,,18-20,White or Caucasian,Cis-Gender Woman ,,"University of Nevada, Reno",,Bachelor of Science ,,"Public health, health sciences, and nursing ",,Pre-professional track - only choose this option if you do not have another major that fits into one of the above categories ,,,,No,United States,No,,No ,Not interested in the global health field ,"Policy and Advocacy ,Public Health ,Sociology ,Language,Ethics",Agree,I don’t know,"Time constraints with pre-medical class demands, shadowing, volunteering, etc ,Lack of mentorship from physicians involved in global health ",,"United States clinical certification (ex. EMT, CNA, etc),Education on the community’s culture and history ,Knowledge of the local language ,Medical ethics education",Agree,Disagree,"Physician supply (not enough qualified physicians) ,Lack of medical equipment and supplies ,Lack of health insurance/ a way to pay for medical care ,Lack of patient education regarding available healthcare ,Language barriers ,Transportation barriers ,Infrastructure (not adequate roads/buildings/etc)",1,2,3,7,6,8,4,9,5,10,11,2,1,3,7,5,8,4,10,6,11,9,"Family medicine ,Pediatrics ,Surgical care (elective, urgent & obstetric)",Strongly Agree 
2/9/22 16:59,2/9/22 17:00,IP Address,134.197.0.149,100,66,TRUE,2/9/22 17:00,R_2SpqdPJTLYY0iyD,,,,,39.5381012,-119.8365021,anonymous,EN,Yes,Yes,,,,,,,,,,,,,,,,,,,,,,,,,,,,,,,,,,,,,,,,,,,,,,,,,,,,,,,
2/9/22 16:54,2/9/22 17:00,IP Address,134.197.0.150,100,353,TRUE,2/9/22 17:00,R_3nI8rzE3TcRcmdS,,,,,39.5381012,-119.8365021,anonymous,EN,Yes,Yes,1st year ,,18-20,Asian,Cis-Gender Woman ,,"University of Nevada, Reno",,Bachelor of Science ,,Pre-professional track - only choose this option if you do not have another major that fits into one of the above categories ,,No second undergraduate major ,,Natural and physical sciences ,,No,United States,No,,Yes,"Health equity ,Public health ,Non-profit and healthcare administration,Want to provide healthcare to underserved communities,Cross-cultural experiences ","Law ,Anthropology ,Policy and Advocacy ,Public Health ,Sociology ,Language,Ethics",Strongly Agree ,I don’t know,"Time constraints with pre-medical class demands, shadowing, volunteering, etc ,Financial barriers that prevent students from participating in medical mission trips or unpaid global health internships  ,Ethical issues with undergraduate students being involved in healthcare in a resource-limited community ,Lack of mentorship from physicians involved in global health ",,"United States clinical certification (ex. EMT, CNA, etc),Education on the community’s culture and history ,Knowledge of the local language ,Medical ethics education,A non-clinical role on the mission trip (ex. Scribe, translator, research assistant, etc)",Agree,Undecided ,"Lack of medical equipment and supplies ,Lack of health insurance/ a way to pay for medical care ,Lack of patient education regarding available healthcare ",5,8,3,6,2,7,9,4,1,11,10,4,8,1,6,2,3,9,7,5,11,10,"Family medicine ,Infectious Diseases,Neurology",Strongly Agree 
2/9/22 16:55,2/9/22 17:00,IP Address,134.197.0.148,100,314,TRUE,2/9/22 17:00,R_1PUwej9atfhNjEt,,,,,39.5381012,-119.8365021,anonymous,EN,Yes,Yes,1st year ,,18-20,White or Caucasian,Cis-Gender Man ,,"University of Nevada, Reno",,Bachelor of Science ,,Natural and physical sciences ,,No second undergraduate major ,,"Natural and physical sciences ,Public health, health sciences, and nursing ",,No,United States,No,,Yes,"Public health ,Research opportunities ,Non-profit and healthcare administration,Want to provide healthcare to underserved communities,Cross-cultural experiences "," Economics ,Law ,Anthropology ,Public Health ,Sociology ,Ethics",Agree,No,"Lack of global health faculty and faculty mentorship at the student’s undergraduate institution ,Lack of extracurricular opportunities to explore the global health field at the student’s undergraduate institution,Time constraints with pre-medical class demands, shadowing, volunteering, etc ,Financial barriers that prevent students from participating in medical mission trips or unpaid global health internships  ,Lack of global health research opportunities at the undergraduate level,Lack of mentorship from physicians involved in global health ",,"United States clinical certification (ex. EMT, CNA, etc),Education on the community’s culture and history ,Medical ethics education,Previous volunteer experience,A non-clinical role on the mission trip (ex. Scribe, translator, research assistant, etc)",Disagree,Undecided ,"Physician supply (not enough qualified physicians) ,Lack of medical equipment and supplies ,Lack of health insurance/ a way to pay for medical care ,Lack of patient education regarding available healthcare ,Language barriers ,Transportation barriers ,Infrastructure (not adequate roads/buildings/etc)",2,11,1,6,4,7,5,9,3,10,8,9,11,2,1,7,3,8,6,4,10,5,"Emergency medicine ,Family medicine ,Surgical care (elective, urgent & obstetric)",Strongly Agree 
2/9/22 17:00,2/9/22 17:00,Spam,134.197.0.151,100,37,TRUE,2/9/22 17:00,R_1qX8DWuAEwWsiRY,,,,,39.5381012,-119.8365021,anonymous,EN,Yes,,,,,,,,,,,,,,,,,,,,,,,,,,,,,,,,,,,,,,,,,,,,,,,,,,,,,,,,
2/9/22 16:55,2/9/22 17:00,IP Address,104.28.124.89,100,343,TRUE,2/9/22 17:00,R_10ZcCI5TQDrfk2r,,,,,34.05439758,-118.2440948,anonymous,EN,Yes,Yes,1st year ,,18-20,Hispanic or Latino,Prefer not to respond ,,"University of Nevada, Reno",,Bachelor of Science ,,Other ,Neuroscience ,No second undergraduate major ,,No minor ,,No,United States,No,,Unsure,"Health equity ,Public health ,Travel opportunities ,Non-profit and healthcare administration,Want to provide healthcare to underserved communities","Law ,Public Health ,Sociology ,Ethics",Undecided ,Yes,Ethical issues with undergraduate students being involved in healthcare in a resource-limited community ,,"Knowledge of the local language ,Previous volunteer experience",Agree,Disagree,Lack of health insurance/ a way to pay for medical care ,1,4,2,3,5,7,6,8,9,10,11,,,,,,,,,,,,"Family medicine ,Infectious Diseases,Pediatrics ",Agree
2/9/22 16:55,2/9/22 17:01,IP Address,134.197.0.148,100,344,TRUE,2/9/22 17:01,R_Dc5Ymd3zcvmOk6Z,,,,,39.5381012,-119.8365021,anonymous,EN,Yes,Yes,1st year ,,18-20,White or Caucasian,Cis-Gender Woman ,,"University of Nevada, Reno",,Bachelor of Science ,,Natural and physical sciences ,,No second undergraduate major ,,Natural and physical sciences ,,No,,Yes,10 - 15 years ,Unsure,"Public health ,Travel opportunities ,Research opportunities ,Non-profit and healthcare administration,Want to provide healthcare to underserved communities,Cross-cultural experiences ","Law ,Public Health ,Sociology ,Language,Ethics",Strongly Agree ,I don’t know,"Lack of global health faculty and faculty mentorship at the student’s undergraduate institution ,Lack of extracurricular opportunities to explore the global health field at the student’s undergraduate institution,Time constraints with pre-medical class demands, shadowing, volunteering, etc ,Financial barriers that prevent students from participating in medical mission trips or unpaid global health internships  ",,"United States clinical certification (ex. EMT, CNA, etc),Education on the community’s culture and history ,Knowledge of the local language ,Medical ethics education",Agree,Disagree,"Lack of medical equipment and supplies ,Lack of health insurance/ a way to pay for medical care ,Infrastructure (not adequate roads/buildings/etc)",2,8,1,4,3,5,6,11,7,10,9,3,5,4,2,7,1,6,9,8,11,10,"Emergency medicine ,Family medicine ,Neurology",Strongly Agree 
2/9/22 16:54,2/9/22 17:01,IP Address,174.208.101.195,100,413,TRUE,2/9/22 17:01,R_C2hHwmbSFbRrUC5,,,,,38.42070007,-121.3623047,anonymous,EN,Yes,Yes,1st year ,,18-20,Black or African American ,Non-binary/non-conforming ,,"University of Nevada, Reno",,Bachelor of Science ,,"Public health, health sciences, and nursing ",,No second undergraduate major ,,No minor ,,No,,No,,Yes,"Public health ,Research opportunities ,Want to provide healthcare to underserved communities,Cross-cultural experiences "," Economics ,Language,Ethics",Strongly Agree ,No,"Lack of global health faculty and faculty mentorship at the student’s undergraduate institution ,Lack of extracurricular opportunities to explore the global health field at the student’s undergraduate institution,Time constraints with pre-medical class demands, shadowing, volunteering, etc ,Financial barriers that prevent students from participating in medical mission trips or unpaid global health internships  ",,"Education on the community’s culture and history ,A non-clinical role on the mission trip (ex. Scribe, translator, research assistant, etc)",Undecided ,Agree,"Lack of medical equipment and supplies ,Lack of health insurance/ a way to pay for medical care ,Language barriers ",1,2,3,6,8,7,5,9,4,10,11,1,2,3,4,6,7,8,9,5,10,11,"Emergency medicine ,Family medicine ,Infectious Diseases",Agree
2/9/22 16:54,2/9/22 17:01,IP Address,134.197.0.149,100,413,TRUE,2/9/22 17:01,R_x3gwlvBzyBA3GKt,,,,,39.5381012,-119.8365021,anonymous,EN,Yes,Yes,1st year ,,18-20,Asian,Cis-Gender Woman ,,"University of Nevada, Reno",,Bachelor of Science ,,Natural and physical sciences ,,,,"Natural and physical sciences ,Social science ",,No,United States,No,,Unsure,"Travel opportunities ,Non-profit and healthcare administration,Want to provide healthcare to underserved communities","Policy and Advocacy ,Sociology ,Language,Ethics",Agree,I don’t know,"Time constraints with pre-medical class demands, shadowing, volunteering, etc ,Financial barriers that prevent students from participating in medical mission trips or unpaid global health internships  ",,"United States clinical certification (ex. EMT, CNA, etc),Education on the community’s culture and history ,Previous volunteer experience",Agree,Agree,"Lack of medical equipment and supplies ,Lack of health insurance/ a way to pay for medical care ,Lack of patient education regarding available healthcare ",1,2,3,5,8,9,6,4,7,10,11,1,2,3,5,7,9,6,4,8,10,11,"Emergency medicine ,Family medicine ,Psychiatry ",Agree
2/9/22 16:56,2/9/22 17:02,IP Address,134.197.0.149,100,320,TRUE,2/9/22 17:02,R_307uPjIASyarUbk,,,,,39.5381012,-119.8365021,anonymous,EN,Yes,Yes,1st year ,,18-20,Hispanic or Latino,Cis-Gender Woman ,,"University of Nevada, Reno",,Bachelor of Science ,,Natural and physical sciences ,,No second undergraduate major ,,No minor ,,No,United States,No,,Unsure,"Health equity ,Public health ,Research opportunities ,Non-profit and healthcare administration,Want to provide healthcare to underserved communities,Cross-cultural experiences ","Public Health ,Sociology ,Language,Ethics",Agree,No,"Lack of global health faculty and faculty mentorship at the student’s undergraduate institution ,Lack of extracurricular opportunities to explore the global health field at the student’s undergraduate institution,Time constraints with pre-medical class demands, shadowing, volunteering, etc ,Financial barriers that prevent students from participating in medical mission trips or unpaid global health internships  ,Lack of global health research opportunities at the undergraduate level,Ethical issues with undergraduate students being involved in healthcare in a resource-limited community ,Lack of mentorship from physicians involved in global health ",,"United States clinical certification (ex. EMT, CNA, etc),Education on the community’s culture and history ,Knowledge of the local language ,Medical ethics education",Undecided ,Disagree,"Physician supply (not enough qualified physicians) ,Lack of medical equipment and supplies ,Lack of health insurance/ a way to pay for medical care ",1,3,2,11,5,6,7,8,4,10,9,1,3,2,9,7,8,5,10,6,11,4,"Emergency medicine ,Family medicine ,Surgical care (elective, urgent & obstetric)",Agree
2/9/22 16:54,2/9/22 17:02,IP Address,134.197.0.148,100,449,TRUE,2/9/22 17:02,R_3rNbEOKmMaljKpu,,,,,39.5381012,-119.8365021,anonymous,EN,Yes,Yes,1st year ,,18-20,White or Caucasian,Cis-Gender Woman ,,"University of Nevada, Reno",,Bachelor of Science ,,Natural and physical sciences ,,No second undergraduate major ,,No minor ,,No,United States,No,,Unsure,"Travel opportunities ,Research opportunities ","Law ,Anthropology ,Public Health ,Ethics",Agree,I don’t know,"Lack of extracurricular opportunities to explore the global health field at the student’s undergraduate institution,Time constraints with pre-medical class demands, shadowing, volunteering, etc ,Financial barriers that prevent students from participating in medical mission trips or unpaid global health internships  ,Lack of global health research opportunities at the undergraduate level",,"United States clinical certification (ex. EMT, CNA, etc),Education on the community’s culture and history ,Knowledge of the local language ,Previous volunteer experience",Agree,Agree,"Lack of medical equipment and supplies ,Transportation barriers ,Infrastructure (not adequate roads/buildings/etc)",2,6,1,10,4,7,5,11,3,8,9,2,5,1,10,4,7,6,11,3,9,8,"Emergency medicine ,Infectious Diseases,OB/GYN (including maternal fetal medicine)",Agree
2/9/22 16:54,2/9/22 17:03,IP Address,134.197.0.149,100,505,TRUE,2/9/22 17:03,R_1plpaquTglFA8oR,,,,,39.5381012,-119.8365021,anonymous,EN,Yes,Yes,1st year ,,18-20,White or Caucasian,Cis-Gender Woman ,,"University of Nevada, Reno",,Bachelor of Science ,,"Public health, health sciences, and nursing ",,No second undergraduate major ,,No minor ,,No,United States,Yes,1 - 5 years ,Yes,"Want to provide healthcare to underserved communities,Cross-cultural experiences ","Anthropology ,Sociology ,Ethics",Strongly Agree ,No,"Financial barriers that prevent students from participating in medical mission trips or unpaid global health internships  ,Lack of mentorship from physicians involved in global health ",,"United States clinical certification (ex. EMT, CNA, etc),Education on the community’s culture and history ,Knowledge of the local language ,Medical ethics education",Strongly Agree ,Strongly Agree ,"Lack of medical equipment and supplies ,Lack of health insurance/ a way to pay for medical care ,Language barriers ,Transportation barriers ",7,6,1,2,8,9,5,3,4,11,10,7,6,1,5,9,8,4,3,2,11,10,"Infectious Diseases,Pediatrics ,Psychiatry ",Strongly Agree 
2/9/22 16:57,2/9/22 17:04,IP Address,134.197.0.149,100,420,TRUE,2/9/22 17:04,R_3rMWb1JfXoOHtJY,,,,,39.5381012,-119.8365021,anonymous,EN,Yes,Yes,1st year ,,18-20,White or Caucasian,Cis-Gender Woman ,,"University of Nevada, Reno",,Bachelor of Science ,,Natural and physical sciences ,,No second undergraduate major ,,No minor ,,Yes,,Yes,10 - 15 years ,Yes,"Non-profit and healthcare administration,Want to provide healthcare to underserved communities"," Economics ,Law ,Anthropology ,Public Health ,Sociology ,Language,Ethics",Agree,Yes,"Time constraints with pre-medical class demands, shadowing, volunteering, etc ,Financial barriers that prevent students from participating in medical mission trips or unpaid global health internships  ,Ethical issues with undergraduate students being involved in healthcare in a resource-limited community ",,"United States clinical certification (ex. EMT, CNA, etc),Medical ethics education,Previous volunteer experience",Agree,Agree,"Physician supply (not enough qualified physicians) ,Lack of medical equipment and supplies ,Lack of patient education regarding available healthcare ,Transportation barriers ,Infrastructure (not adequate roads/buildings/etc)",1,2,3,5,7,6,8,11,4,9,10,1,2,3,4,7,6,9,8,5,10,11,"Emergency medicine ,Family medicine ,Oncology",Strongly Agree 
2/9/22 16:55,2/9/22 17:04,IP Address,134.197.0.21,100,560,TRUE,2/9/22 17:04,R_1jpup2gGn1WVupc,,,,,39.5381012,-119.8365021,anonymous,EN,Yes,Yes,1st year ,,18-20,Asian,,,"University of Nevada, Reno",,Other,Bachelor of Public Health,"Public health, health sciences, and nursing ",,No second undergraduate major ,,No minor ,,No,United States,No,,Unsure,"Health equity ,Public health ","Anthropology ,Public Health ,Sociology ,Language,Ethics",Strongly Agree ,I don’t know,"Lack of global health faculty and faculty mentorship at the student’s undergraduate institution ,Lack of extracurricular opportunities to explore the global health field at the student’s undergraduate institution,Time constraints with pre-medical class demands, shadowing, volunteering, etc ,Financial barriers that prevent students from participating in medical mission trips or unpaid global health internships  ,Lack of global health research opportunities at the undergraduate level,Ethical issues with undergraduate students being involved in healthcare in a resource-limited community ,Lack of mentorship from physicians involved in global health ",,"United States clinical certification (ex. EMT, CNA, etc),Education on the community’s culture and history ,Knowledge of the local language ,Medical ethics education,Previous volunteer experience",Undecided ,Agree,"Physician supply (not enough qualified physicians) ,Lack of medical equipment and supplies ,Lack of health insurance/ a way to pay for medical care ,Lack of patient education regarding available healthcare ,Language barriers ,Transportation barriers ,Infrastructure (not adequate roads/buildings/etc)",2,3,1,8,4,7,5,9,6,10,11,1,5,2,6,3,8,4,9,7,10,11,"Emergency medicine ,Family medicine ,Infectious Diseases",Strongly Agree 
2/9/22 16:55,2/9/22 17:06,IP Address,134.197.0.150,100,673,TRUE,2/9/22 17:06,R_3NEvGKy34MTL2BM,,,,,39.5381012,-119.8365021,anonymous,EN,Yes,Yes,1st year ,,18-20,White or Caucasian,Cis-Gender Woman ,,"University of Nevada, Reno",,Bachelor of Science ,,Natural and physical sciences ,,No second undergraduate major ,,"Math, computing, and data sciences ,Literature and language ",,Yes,,No,,Unsure,"Research opportunities ,Want to provide healthcare to underserved communities,Cross-cultural experiences "," Economics ,Policy and Advocacy ,Public Health ,Sociology ",Agree,I don’t know,"Lack of extracurricular opportunities to explore the global health field at the student’s undergraduate institution,Time constraints with pre-medical class demands, shadowing, volunteering, etc ,Financial barriers that prevent students from participating in medical mission trips or unpaid global health internships  ",,"United States clinical certification (ex. EMT, CNA, etc),Education on the community’s culture and history ,Knowledge of the local language ,Previous volunteer experience",Undecided ,Undecided ,"Lack of health insurance/ a way to pay for medical care ,Lack of patient education regarding available healthcare ,Language barriers ",2,8,1,6,4,5,7,9,3,10,11,4,9,2,3,1,5,6,8,7,10,11,"Infectious Diseases,Neurology,OB/GYN (including maternal fetal medicine)",Agree
2/9/22 16:59,2/9/22 17:06,IP Address,134.197.0.151,100,431,TRUE,2/9/22 17:06,R_2DYP0AG79qCUlzs,,,,,39.5381012,-119.8365021,anonymous,EN,Yes,Yes,1st year ,,18-20,Hispanic or Latino,Non-binary/non-conforming ,,"University of Nevada, Reno",,Bachelor of Science ,,Natural and physical sciences ,,No second undergraduate major ,,Literature and language ,,No,United States,No,,Unsure,"Health equity ,Research opportunities ,Non-profit and healthcare administration,Want to provide healthcare to underserved communities,Cross-cultural experiences ","Public Health ,Sociology ,Language,Ethics",Agree,I don’t know,"Lack of global health faculty and faculty mentorship at the student’s undergraduate institution ,Time constraints with pre-medical class demands, shadowing, volunteering, etc ,Financial barriers that prevent students from participating in medical mission trips or unpaid global health internships  ,Lack of mentorship from physicians involved in global health ",,"Education on the community’s culture and history ,Knowledge of the local language ,A non-clinical role on the mission trip (ex. Scribe, translator, research assistant, etc)",Agree,Agree,Lack of patient education regarding available healthcare ,1,3,2,6,5,7,4,8,10,11,9,9,3,4,5,6,1,7,8,2,10,11,"Emergency medicine ,Pediatrics ,Psychiatry ",Agree
2/9/22 17:00,2/9/22 17:07,IP Address,134.197.0.149,100,412,TRUE,2/9/22 17:07,R_bvDBwCCH2x0AQEN,,,,,39.5381012,-119.8365021,anonymous,EN,Yes,Yes,1st year ,,18-20,Hispanic or Latino,Cis-Gender Woman ,,"University of Nevada, Reno",,Bachelor of Science ,,Pre-professional track - only choose this option if you do not have another major that fits into one of the above categories ,,No second undergraduate major ,,No minor ,,No,United States,No,,No ,"Health equity ,Cross-cultural experiences ","Public Health ,Sociology ,Language,Ethics",Strongly Agree ,Yes,"Lack of global health faculty and faculty mentorship at the student’s undergraduate institution ,Financial barriers that prevent students from participating in medical mission trips or unpaid global health internships  ",,"United States clinical certification (ex. EMT, CNA, etc),Education on the community’s culture and history ,Medical ethics education,Undergraduates should never engage in mission trips ",Agree,Undecided ,"Physician supply (not enough qualified physicians) ,Lack of patient education regarding available healthcare ,Language barriers ",1,2,5,3,4,6,7,8,9,10,11,1,2,3,4,5,7,8,9,10,11,6,Orthopedics,Agree
2/9/22 17:02,2/9/22 17:23,IP Address,134.197.0.149,100,1299,TRUE,2/9/22 17:23,R_XScA59rELP8xHNf,,,,,39.5381012,-119.8365021,anonymous,EN,Yes,Yes,2nd year,,18-20,White or Caucasian,Cis-Gender Woman ,,"University of Nevada, Reno",,Other,Public Health,"Public health, health sciences, and nursing ",,No second undergraduate major ,,No minor ,,No,United States,No,,Unsure,"Health equity ,Public health ,Travel opportunities ,Want to provide healthcare to underserved communities,Cross-cultural experiences ","Anthropology ,Public Health ,Sociology ,Language,Ethics",Agree,No,"Lack of global health faculty and faculty mentorship at the student’s undergraduate institution ,Lack of extracurricular opportunities to explore the global health field at the student’s undergraduate institution,Time constraints with pre-medical class demands, shadowing, volunteering, etc ,Financial barriers that prevent students from participating in medical mission trips or unpaid global health internships  ,Lack of global health research opportunities at the undergraduate level",,"United States clinical certification (ex. EMT, CNA, etc),Education on the community’s culture and history ,Knowledge of the local language ,Medical ethics education,Previous volunteer experience,A non-clinical role on the mission trip (ex. Scribe, translator, research assistant, etc)",Agree,Undecided ,"Lack of medical equipment and supplies ,Lack of health insurance/ a way to pay for medical care ,Language barriers ",3,11,1,6,4,7,5,10,2,8,9,3,7,1,4,5,10,6,8,2,11,9,"Emergency medicine ,Infectious Diseases,Surgical care (elective, urgent & obstetric)",Agree
2/9/22 17:31,2/9/22 17:38,IP Address,137.229.78.167,100,428,TRUE,2/9/22 17:38,R_XIhMD7bnGYc9qNP,,,,,64.85440063,-147.8468933,anonymous,EN,Yes,Yes,3rd year,,21-23,White or Caucasian,Cis-Gender Man ,,University of Alaska Fairbanks,,Bachelor of Science ,,Natural and physical sciences ,,No second undergraduate major ,,Natural and physical sciences ,,No,United States,No,,Yes,"Research opportunities ,Want to provide healthcare to underserved communities,Cross-cultural experiences "," Economics ,Business ,Law ,Anthropology ,Policy and Advocacy ,Public Health ,Sociology ,Language,Ethics",Agree,No,"Lack of global health faculty and faculty mentorship at the student’s undergraduate institution ,Lack of extracurricular opportunities to explore the global health field at the student’s undergraduate institution,Lack of global health research opportunities at the undergraduate level,Lack of mentorship from physicians involved in global health ",,"United States clinical certification (ex. EMT, CNA, etc),Medical ethics education,Previous volunteer experience",Undecided ,Agree,"Physician supply (not enough qualified physicians) ,Lack of patient education regarding available healthcare ",3,4,1,5,7,6,9,8,2,10,11,3,5,2,1,6,7,9,8,4,10,11,"Family medicine ,Infectious Diseases,Surgical care (elective, urgent & obstetric)",Agree
2/9/22 18:51,2/9/22 18:52,IP Address,216.15.52.188,100,96,TRUE,2/9/22 18:52,R_2h5ptYfiMpd32wh,,,,,38.91720581,-77.07089996,anonymous,EN,Yes,Yes,,,,,,,,,,,,,,,,,,,,,,,,,,,,,,,,,,,,,,,,,,,,,,,,,,,,,,,
2/10/22 12:59,2/10/22 13:04,IP Address,70.59.25.7,100,279,TRUE,2/10/22 13:04,R_Xvxu91UHu9NmpMJ,,,,,39.65620422,-104.7865982,anonymous,EN,Yes,Yes,1st year ,,18-20,White or Caucasian,Cis-Gender Woman ,,University of Colorado Boulder,,Bachelor of Science ,,Other ,Neuroscience,No second undergraduate major ,,"Social science ,Math, computing, and data sciences ",,No,United States,No,,Yes,"Public health ,Travel opportunities ,Non-profit and healthcare administration,Want to provide healthcare to underserved communities"," Economics ,Business ,Public Health ,Sociology ,Language",Strongly Agree ,No,"Lack of global health faculty and faculty mentorship at the student’s undergraduate institution ,Time constraints with pre-medical class demands, shadowing, volunteering, etc ,Lack of mentorship from physicians involved in global health ",,"United States clinical certification (ex. EMT, CNA, etc),Knowledge of the local language ,Medical ethics education",Agree,Agree,"Physician supply (not enough qualified physicians) ,Lack of medical equipment and supplies ,Lack of health insurance/ a way to pay for medical care ,Language barriers ",1,3,7,6,11,5,4,9,2,10,8,3,2,1,7,4,8,6,9,5,10,11,"Family medicine ,Infectious Diseases,Surgical care (elective, urgent & obstetric)",Strongly Agree 
2/10/22 15:43,2/10/22 15:50,IP Address,70.126.3.133,100,456,TRUE,2/10/22 15:50,R_ePvfshfdFrSj3hv,,,,,27.80439758,-82.27590179,anonymous,EN,Yes,Yes,5th year ,,24-26,Hispanic or Latino,Cis-Gender Man ,,Florida International University,,Bachelor of Science ,,Natural and physical sciences ,,,,,,No,United States,No,,Yes,"Not interested in the global health field ,Health equity ,Public health ,Travel opportunities ,Research opportunities ,Non-profit and healthcare administration,Want to provide healthcare to underserved communities,Cross-cultural experiences "," Economics ,Anthropology ,Policy and Advocacy ,Public Health ",Strongly Agree ,No,"Lack of global health faculty and faculty mentorship at the student’s undergraduate institution ,Time constraints with pre-medical class demands, shadowing, volunteering, etc ,Financial barriers that prevent students from participating in medical mission trips or unpaid global health internships  ,Lack of mentorship from physicians involved in global health ",,"Education on the community’s culture and history ,Knowledge of the local language ",Agree,Agree,"Physician supply (not enough qualified physicians) ,Lack of medical equipment and supplies ,Lack of health insurance/ a way to pay for medical care ",2,4,1,6,7,11,3,10,5,8,9,5,3,1,7,4,11,6,10,2,8,9,"Family medicine ,Infectious Diseases,Surgical care (elective, urgent & obstetric)",Agree
2/10/22 16:31,2/10/22 16:37,IP Address,128.187.116.13,100,359,TRUE,2/10/22 16:37,R_2VmVRR5sllDCNQV,,,,,40.25840759,-111.6591034,anonymous,EN,Yes,Yes,2nd year,,21-23,White or Caucasian,Cis-Gender Woman ,,Brigham University,,Bachelor of Science ,,"Public health, health sciences, and nursing ",,No second undergraduate major ,,No minor ,,No,United States,No,,Unsure,Research opportunities ,Public Health ,Agree,I don’t know,"Lack of global health faculty and faculty mentorship at the student’s undergraduate institution ,Lack of extracurricular opportunities to explore the global health field at the student’s undergraduate institution,Time constraints with pre-medical class demands, shadowing, volunteering, etc ,Lack of global health research opportunities at the undergraduate level",,Education on the community’s culture and history ,Undecided ,Undecided ,"Lack of medical equipment and supplies ,Lack of patient education regarding available healthcare ,Transportation barriers ",4,5,3,11,6,8,1,2,7,9,10,4,2,1,8,5,10,3,11,6,9,7,"Family medicine ,Infectious Diseases,Pediatrics ",Strongly Agree 
2/10/22 16:39,2/10/22 16:40,IP Address,128.187.116.11,100,31,TRUE,2/10/22 16:40,R_2U6gaLDCFAsOVas,,,,,40.25840759,-111.6591034,anonymous,EN,Yes,,,,,,,,,,,,,,,,,,,,,,,,,,,,,,,,,,,,,,,,,,,,,,,,,,,,,,,,
2/10/22 16:40,2/10/22 16:51,IP Address,128.187.116.11,100,656,TRUE,2/10/22 16:51,R_2rUTej27oi2mk1e,,,,,40.25840759,-111.6591034,anonymous,EN,Yes,Yes,2nd year,,21-23,White or Caucasian,Cis-Gender Man ,,Other,Brigham Young University (Provo),Bachelor of Science ,,"Public health, health sciences, and nursing ",,,,No minor ,,No,United States,Yes,Less than one year ,Unsure,"Health equity ,Public health ,Travel opportunities ,Research opportunities ,Want to provide healthcare to underserved communities,Cross-cultural experiences "," Economics ,Business ,Law ,Policy and Advocacy ,Public Health ,Sociology ,Language,Ethics",Strongly Agree ,I don’t know,"Time constraints with pre-medical class demands, shadowing, volunteering, etc ,Lack of global health research opportunities at the undergraduate level,Lack of mentorship from physicians involved in global health ",,Medical ethics education,Agree,Disagree,"Lack of health insurance/ a way to pay for medical care ,Lack of patient education regarding available healthcare ,Transportation barriers ",11,2,1,10,3,8,4,9,6,5,7,11,1,2,6,3,7,5,4,10,8,9,"Family medicine ,Infectious Diseases,Pediatrics ",Agree
2/10/22 17:16,2/10/22 17:22,IP Address,128.187.116.16,100,358,TRUE,2/10/22 17:22,R_10DGCDt84pcE2RT,,,,,40.25840759,-111.6591034,anonymous,EN,Yes,Yes,3rd year,,21-23,White or Caucasian,Cis-Gender Man ,,Other,Brigham Young University,Bachelor of Science ,,"Public health, health sciences, and nursing ",,No second undergraduate major ,,No minor ,,No,United States,Yes,1 - 5 years ,Unsure,"Health equity ,Public health ,Travel opportunities ,Research opportunities ,Non-profit and healthcare administration,Want to provide healthcare to underserved communities,Cross-cultural experiences ","Anthropology ,Public Health ,Language",Agree,No,"Time constraints with pre-medical class demands, shadowing, volunteering, etc ,Financial barriers that prevent students from participating in medical mission trips or unpaid global health internships  ,Lack of mentorship from physicians involved in global health ",,"Education on the community’s culture and history ,Medical ethics education",Agree,Disagree,"Physician supply (not enough qualified physicians) ,Lack of medical equipment and supplies ,Lack of health insurance/ a way to pay for medical care ,Lack of patient education regarding available healthcare ,Language barriers ",7,3,1,4,5,6,2,9,10,8,11,7,3,1,4,5,6,2,8,10,9,11,"Family medicine ,Pediatrics ,Surgical care (elective, urgent & obstetric)",Undecided 
2/10/22 16:23,2/10/22 18:15,IP Address,128.187.116.20,100,6694,TRUE,2/10/22 18:15,R_1Lcyj6Yj1rII1vL,,,,,40.25840759,-111.6591034,anonymous,EN,Yes,Yes,4th year,,21-23,White or Caucasian,Cis-Gender Man ,,Other,Brigham Young University,Bachelor of Science ,,Natural and physical sciences ,,"Math, computing, and data sciences ",,"Math, computing, and data sciences ",,No,United States,Yes,1 - 5 years ,Yes,"Health equity ,Travel opportunities ,Research opportunities ,Non-profit and healthcare administration,Want to provide healthcare to underserved communities,Cross-cultural experiences ","Language,Ethics",Disagree,Yes,"Lack of global health faculty and faculty mentorship at the student’s undergraduate institution ,Lack of extracurricular opportunities to explore the global health field at the student’s undergraduate institution,Time constraints with pre-medical class demands, shadowing, volunteering, etc ,Financial barriers that prevent students from participating in medical mission trips or unpaid global health internships  ,Lack of global health research opportunities at the undergraduate level,Ethical issues with undergraduate students being involved in healthcare in a resource-limited community ,Lack of mentorship from physicians involved in global health ",,"Education on the community’s culture and history ,Medical ethics education",Undecided ,Disagree,"Lack of medical equipment and supplies ,Lack of health insurance/ a way to pay for medical care ,Lack of patient education regarding available healthcare ",5,4,1,9,2,10,3,11,7,6,8,6,3,8,11,1,10,2,7,4,5,9,"Family medicine ,OB/GYN (including maternal fetal medicine),Pediatrics ",Agree
2/10/22 18:16,2/10/22 18:17,IP Address,73.57.145.155,100,76,TRUE,2/10/22 18:17,R_2CsxrwC3lWlVD8a,,,,,25.77380371,-80.35839844,anonymous,EN,Yes,Yes,,,,,,,,,,,,,,,,,,,,,,,,,,,,,,,,,,,,,,,,,,,,,,,,,,,,,,,
2/11/22 14:22,2/11/22 14:23,IP Address,136.36.1.109,100,70,TRUE,2/11/22 14:23,R_31bbWrNM2QId3ap,,,,,40.23420715,-111.6442032,anonymous,EN,Yes,,,,,,,,,,,,,,,,,,,,,,,,,,,,,,,,,,,,,,,,,,,,,,,,,,,,,,,,
2/12/22 21:31,2/12/22 21:43,IP Address,174.51.151.51,100,726,TRUE,2/12/22 21:43,R_1lsjvdeWDyeXTD2,,,,,40.01420593,-105.2853012,anonymous,EN,Yes,Yes,3rd year,,21-23,Hispanic or Latino,Cis-Gender Woman ,,University of Colorado Boulder,,Bachelor of Arts ,,Natural and physical sciences ,,,,Social science ,,No,United States,No,,Unsure,"Public health ,Travel opportunities ,Want to provide healthcare to underserved communities,Cross-cultural experiences ","Public Health ,Sociology ,Language,Ethics",Strongly Agree ,I don’t know,"Lack of global health faculty and faculty mentorship at the student’s undergraduate institution ,Lack of extracurricular opportunities to explore the global health field at the student’s undergraduate institution,Time constraints with pre-medical class demands, shadowing, volunteering, etc ,Financial barriers that prevent students from participating in medical mission trips or unpaid global health internships  ,Lack of global health research opportunities at the undergraduate level,Lack of mentorship from physicians involved in global health ",,"Medical ethics education,Previous volunteer experience",Agree,Strongly Agree ,"Lack of medical equipment and supplies ,Transportation barriers ,Infrastructure (not adequate roads/buildings/etc)",1,2,3,5,9,10,7,11,4,8,6,1,2,3,5,9,10,7,11,4,8,6,"Emergency medicine ,Infectious Diseases,Surgical care (elective, urgent & obstetric)",Strongly Agree 
2/14/22 9:22,2/14/22 9:27,IP Address,137.99.143.45,100,337,TRUE,2/14/22 9:27,R_3rTYiNlqTg67P4Z,,,,,41.80059814,-72.24659729,anonymous,EN,Yes,Yes,1st year ,,18-20,White or Caucasian,Cis-Gender Woman ,,University of Connecticut,,Bachelor of Science ,,Natural and physical sciences ,,No second undergraduate major ,,Social science ,,No,United States,No,,Unsure,"Health equity ,Public health ,Travel opportunities ,Research opportunities ,Want to provide healthcare to underserved communities,Cross-cultural experiences ","Policy and Advocacy ,Public Health ,Sociology ,Language,Ethics",Strongly Agree ,I don’t know,"Time constraints with pre-medical class demands, shadowing, volunteering, etc ,Financial barriers that prevent students from participating in medical mission trips or unpaid global health internships  ,Ethical issues with undergraduate students being involved in healthcare in a resource-limited community ",,"United States clinical certification (ex. EMT, CNA, etc),Education on the community’s culture and history ,Medical ethics education,Undergraduates should never engage in mission trips ",Disagree,Undecided ,"Physician supply (not enough qualified physicians) ,Lack of health insurance/ a way to pay for medical care ,Infrastructure (not adequate roads/buildings/etc)",4,8,2,7,1,6,3,9,5,10,11,3,1,2,10,4,7,5,9,6,8,11,"Emergency medicine ,Family medicine ,Surgical care (elective, urgent & obstetric)",Strongly Agree 
2/14/22 9:29,2/14/22 9:29,IP Address,128.138.65.122,100,11,TRUE,2/14/22 9:29,R_24k4NJFbxhkbNxX,,,,,40.01280212,-105.2759018,anonymous,EN,Yes,,,,,,,,,,,,,,,,,,,,,,,,,,,,,,,,,,,,,,,,,,,,,,,,,,,,,,,,
2/14/22 15:50,2/14/22 16:07,IP Address,73.253.215.77,100,997,TRUE,2/14/22 16:07,R_3EG6Doo4ddEyBqh,,,,,42.93899536,-70.81900024,anonymous,EN,Yes,Yes,3rd year,,18-20,White or Caucasian,Cis-Gender Woman ,,University of New Hampshire,,Bachelor of Science ,,"Public health, health sciences, and nursing ",,,,"Public health, health sciences, and nursing ",,No,United States,No,,Yes,"Health equity ,Public health ,Non-profit and healthcare administration,Want to provide healthcare to underserved communities,Cross-cultural experiences "," Economics ,Law ,Anthropology ,Policy and Advocacy ,Public Health ,Sociology ,Language,Ethics",Strongly Agree ,I don’t know,"Lack of global health faculty and faculty mentorship at the student’s undergraduate institution ,Time constraints with pre-medical class demands, shadowing, volunteering, etc ,Financial barriers that prevent students from participating in medical mission trips or unpaid global health internships  ,Lack of global health research opportunities at the undergraduate level,Lack of mentorship from physicians involved in global health ",,"United States clinical certification (ex. EMT, CNA, etc),Education on the community’s culture and history ,Knowledge of the local language ,Medical ethics education,A non-clinical role on the mission trip (ex. Scribe, translator, research assistant, etc)",Disagree,Disagree,"Physician supply (not enough qualified physicians) ,Lack of medical equipment and supplies ,Lack of health insurance/ a way to pay for medical care ",3,4,1,9,2,7,6,10,5,11,8,5,7,1,9,3,2,4,8,6,11,10,"Emergency medicine ,Family medicine ,Surgical care (elective, urgent & obstetric)",Undecided 
2/8/22 9:30,2/8/22 9:31,IP Address,147.174.8.148,53,56,FALSE,2/15/22 9:31,R_1py5aMHvUy5mRa2,,,,,,,anonymous,EN,Yes,Yes,4th year,,21-23,White or Caucasian,Cis-Gender Woman ,,Southeastern Louisiana University,,Bachelor of Science ,,Pre-professional track - only choose this option if you do not have another major that fits into one of the above categories ,,No second undergraduate major ,,Other ,,No,,No,,,,,,,,,,,,,,,,,,,,,,,,,,,,,,,,,,,,
2/9/22 13:05,2/9/22 14:04,IP Address,69.140.128.65,53,3531,FALSE,2/16/22 14:04,R_3kzeQ2qyffWmxHa,,,,,,,anonymous,EN,Yes,,,,,,,,,,,,,,,,,,,,,,,,,,,,,,,,,,,,,,,,,,,,,,,,,,,,,,,,
2/9/22 12:57,2/9/22 15:01,IP Address,98.169.211.142,63,7471,FALSE,2/16/22 15:01,R_bC7nAobahQTE5mp,,,,,,,anonymous,EN,Yes,Yes,3rd year,,27-29,,,,Georgetown University,,,,,,,,,,,,,,,,,,,,,,,,,,,,,,,,,,,,,,,,,,,,,,,,
2/9/22 16:54,2/9/22 16:56,IP Address,134.197.0.148,53,66,FALSE,2/16/22 16:56,R_1Nwu1fNPkDyuJlc,,,,,,,anonymous,EN,Yes,Yes,1st year ,,18-20,Asian,Cis-Gender Man ,,"University of Nevada, Reno",,Bachelor of Science ,,Natural and physical sciences ,,No second undergraduate major ,,Literature and language ,,Yes,,Yes,1 - 5 years ,,,,,,,,,,,,,,,,,,,,,,,,,,,,,,,,,,,
2/9/22 16:55,2/9/22 17:01,IP Address,107.77.211.52,87,367,FALSE,2/16/22 17:01,R_BywJb919t4c0Hbr,,,,,,,anonymous,EN,Yes,Yes,1st year ,,18-20,White or Caucasian,Cis-Gender Man ,,"University of Nevada, Reno",,Bachelor of Science ,,Natural and physical sciences ,,No second undergraduate major ,,Natural and physical sciences ,,No,,No,,Unsure,"Health equity ,Want to provide healthcare to underserved communities","Anthropology ,Public Health ,Sociology ",Strongly Agree ,I don’t know,"Lack of extracurricular opportunities to explore the global health field at the student’s undergraduate institution,Time constraints with pre-medical class demands, shadowing, volunteering, etc ,Lack of mentorship from physicians involved in global health ",,Education on the community’s culture and history ,Agree,Disagree,"Lack of health insurance/ a way to pay for medical care ,Language barriers ",,,,,,,,,,,,,,,,,,,,,,,,
2/9/22 16:57,2/9/22 17:01,IP Address,134.197.0.150,87,287,FALSE,2/16/22 17:01,R_POgsI87ZAGcZ1m1,,,,,,,anonymous,EN,Yes,Yes,2nd year,,18-20,White or Caucasian,Cis-Gender Woman ,,"University of Nevada, Reno",,Bachelor of Science ,,Natural and physical sciences ,,No second undergraduate major ,,No minor ,,No,United States,No,,Yes,Public health ,"Anthropology ,Policy and Advocacy ,Public Health ,Sociology ,Language,Ethics",Strongly Agree ,I don’t know,"Time constraints with pre-medical class demands, shadowing, volunteering, etc ,Financial barriers that prevent students from participating in medical mission trips or unpaid global health internships  ",,"United States clinical certification (ex. EMT, CNA, etc),Education on the community’s culture and history ,Knowledge of the local language ,Medical ethics education",Undecided ,Undecided ,"Lack of medical equipment and supplies ,Lack of health insurance/ a way to pay for medical care ,Language barriers ",,,,,,,,,,,,,,,,,,,,,,,,
2/9/22 16:54,2/9/22 17:01,IP Address,134.197.0.148,63,424,FALSE,2/16/22 17:02,R_bknRglRjtsOV9UB,,,,,,,anonymous,EN,Yes,Yes,1st year ,,18-20,Hispanic or Latino,Cis-Gender Woman ,,"University of Nevada, Reno",,Bachelor of Science ,,Pre-professional track - only choose this option if you do not have another major that fits into one of the above categories ,,No second undergraduate major ,,No minor ,,No,,No,,Yes,"Health equity ,Public health ,Non-profit and healthcare administration,Want to provide healthcare to underserved communities"," Economics ,Anthropology ,Policy and Advocacy ,Public Health ,Sociology ,Ethics",,,,,,,,,,,,,,,,,,,,,,,,,,,,,,,,
2/9/22 16:57,2/9/22 17:02,IP Address,107.77.213.199,87,261,FALSE,2/16/22 17:02,R_2dhYkAAwDJSFsFx,,,,,,,anonymous,EN,Yes,Yes,1st year ,,18-20,White or Caucasian,Cis-Gender Woman ,,"University of Nevada, Reno",,Bachelor of Science ,,Natural and physical sciences ,,No second undergraduate major ,,No minor ,,No,United States,No,,Unsure,"Travel opportunities ,Want to provide healthcare to underserved communities,Cross-cultural experiences ","Law ,Public Health ,Sociology ,Language,Ethics",Strongly Agree ,I don’t know,"Lack of global health faculty and faculty mentorship at the student’s undergraduate institution ,Financial barriers that prevent students from participating in medical mission trips or unpaid global health internships  ",,"Education on the community’s culture and history ,Knowledge of the local language ,Medical ethics education",Agree,Agree,"Physician supply (not enough qualified physicians) ,Lack of health insurance/ a way to pay for medical care ,Language barriers ",,,,,,,,,,,,,,,,,,,,,,,,
2/9/22 16:58,2/9/22 17:03,IP Address,134.197.0.151,87,269,FALSE,2/16/22 17:03,R_1dnogVOhRe8Ahki,,,,,,,anonymous,EN,Yes,Yes,1st year ,,18-20,Asian,Cis-Gender Woman ,,"University of Nevada, Reno",,Bachelor of Science ,,Natural and physical sciences ,,No second undergraduate major ,,Literature and language ,,Yes,,No,,Unsure,"Health equity ,Non-profit and healthcare administration,Want to provide healthcare to underserved communities,Cross-cultural experiences ","Anthropology ,Public Health ,Sociology ,Ethics",Strongly Agree ,No,"Lack of global health faculty and faculty mentorship at the student’s undergraduate institution ,Lack of extracurricular opportunities to explore the global health field at the student’s undergraduate institution,Time constraints with pre-medical class demands, shadowing, volunteering, etc ,Financial barriers that prevent students from participating in medical mission trips or unpaid global health internships  ,Lack of mentorship from physicians involved in global health ",,"Education on the community’s culture and history ,Medical ethics education",Agree,Disagree,"Physician supply (not enough qualified physicians) ,Lack of medical equipment and supplies ,Lack of health insurance/ a way to pay for medical care ,Lack of patient education regarding available healthcare ,Language barriers ,Transportation barriers ,Infrastructure (not adequate roads/buildings/etc)",,,,,,,,,,,,,,,,,,,,,,,,
2/9/22 16:57,2/9/22 17:03,IP Address,134.197.0.148,87,352,FALSE,2/16/22 17:03,R_1ohWs9EaYRMq5a2,,,,,,,anonymous,EN,Yes,Yes,1st year ,,18-20,White or Caucasian,Cis-Gender Woman ,,"University of Nevada, Reno",,Bachelor of Science ,,Natural and physical sciences ,,No second undergraduate major ,,No minor ,,No,United States,No,,Yes,"Health equity ,Travel opportunities ,Want to provide healthcare to underserved communities,Cross-cultural experiences ","Policy and Advocacy ,Sociology ",Undecided ,No,"Lack of global health faculty and faculty mentorship at the student’s undergraduate institution ,Time constraints with pre-medical class demands, shadowing, volunteering, etc ,Lack of mentorship from physicians involved in global health ",,"United States clinical certification (ex. EMT, CNA, etc),Education on the community’s culture and history ,Previous volunteer experience",Agree,Undecided ,"Physician supply (not enough qualified physicians) ,Lack of health insurance/ a way to pay for medical care ,Language barriers ",,,,,,,,,,,,,,,,,,,,,,,,
2/9/22 16:57,2/9/22 17:05,IP Address,134.197.0.151,77,433,FALSE,2/16/22 17:05,R_R9OphiXbF2IrXpf,,,,,,,anonymous,EN,Yes,Yes,1st year ,,18-20,White or Caucasian,Cis-Gender Woman ,,"University of Nevada, Reno",,Bachelor of Science ,,"Public health, health sciences, and nursing ",,No second undergraduate major ,,"Social science ,Public health, health sciences, and nursing ",,No,United States,No,,Yes,"Health equity ,Public health ,Travel opportunities ,Research opportunities ,Non-profit and healthcare administration,Want to provide healthcare to underserved communities,Cross-cultural experiences "," Economics ,Business ,Law ,Anthropology ,Policy and Advocacy ,Public Health ,Sociology ,Language,Ethics",Agree,I don’t know,"Lack of global health faculty and faculty mentorship at the student’s undergraduate institution ,Lack of extracurricular opportunities to explore the global health field at the student’s undergraduate institution,Time constraints with pre-medical class demands, shadowing, volunteering, etc ,Financial barriers that prevent students from participating in medical mission trips or unpaid global health internships  ,Lack of global health research opportunities at the undergraduate level,Ethical issues with undergraduate students being involved in healthcare in a resource-limited community ,Lack of mentorship from physicians involved in global health ",,"United States clinical certification (ex. EMT, CNA, etc),Education on the community’s culture and history ,Knowledge of the local language ,Medical ethics education",,,,,,,,,,,,,,,,,,,,,,,,,,,
2/9/22 17:01,2/9/22 17:05,IP Address,134.197.0.151,77,268,FALSE,2/16/22 17:05,R_9sDilT6ku1f6r3H,,,,,,,anonymous,EN,Yes,Yes,1st year ,,18-20,Hispanic or Latino,Cis-Gender Man ,,"University of Nevada, Reno",,Bachelor of Science ,,Pre-professional track - only choose this option if you do not have another major that fits into one of the above categories ,,No second undergraduate major ,,No minor ,,No,United States,No,,No ,Want to provide healthcare to underserved communities,"Public Health ,Sociology ,Language,Ethics",Agree,No,"Time constraints with pre-medical class demands, shadowing, volunteering, etc ",,"United States clinical certification (ex. EMT, CNA, etc),A non-clinical role on the mission trip (ex. Scribe, translator, research assistant, etc)",,,,,,,,,,,,,,,,,,,,,,,,,,,
2/9/22 16:55,2/9/22 18:43,IP Address,107.77.213.118,13,6463,FALSE,2/16/22 18:43,R_XXNxIhSmXFtL3Tr,,,,,,,anonymous,EN,Yes,Yes,1st year ,,,,,,,,,,,,,,,,,,,,,,,,,,,,,,,,,,,,,,,,,,,,,,,,,,,,,,
2/9/22 19:23,2/9/22 19:29,IP Address,128.138.65.218,87,313,FALSE,2/16/22 19:29,R_3HT8WfVSWsMexTU,,,,,,,anonymous,EN,Yes,Yes,1st year ,,18-20,White or Caucasian,Cis-Gender Woman ,,University of Colorado Boulder,,Bachelor of Science ,,"Public health, health sciences, and nursing ",,No second undergraduate major ,,No minor ,,No,United States,No,,Unsure,Want to provide healthcare to underserved communities," Economics ,Policy and Advocacy ,Public Health ,Sociology ,Language,Ethics",Strongly Agree ,I don’t know,"Time constraints with pre-medical class demands, shadowing, volunteering, etc ,Financial barriers that prevent students from participating in medical mission trips or unpaid global health internships  ",,"United States clinical certification (ex. EMT, CNA, etc),Medical ethics education,Previous volunteer experience",Agree,Undecided ,"Physician supply (not enough qualified physicians) ,Lack of medical equipment and supplies ,Lack of health insurance/ a way to pay for medical care ,Language barriers ,Transportation barriers ,Infrastructure (not adequate roads/buildings/etc)",,,,,,,,,,,,,,,,,,,,,,,,
2/10/22 14:02,2/10/22 14:04,IP Address,137.99.142.16,77,114,FALSE,2/17/22 14:04,R_2s52IBm0xTrALNc,,,,,,,anonymous,EN,Yes,Yes,3rd year,,18-20,Asian,Cis-Gender Man ,,University of Connecticut,,Bachelor of Science in Nursing ,,"Public health, health sciences, and nursing ",,No second undergraduate major ,,No minor ,,No,United States,No,,Yes,"Health equity ,Public health ,Travel opportunities ","Anthropology ,Public Health ,Sociology ",Strongly Agree ,No,"Lack of global health faculty and faculty mentorship at the student’s undergraduate institution ,Lack of extracurricular opportunities to explore the global health field at the student’s undergraduate institution,Time constraints with pre-medical class demands, shadowing, volunteering, etc ,Lack of global health research opportunities at the undergraduate level",,"United States clinical certification (ex. EMT, CNA, etc),Knowledge of the local language ,Medical ethics education",,,,,,,,,,,,,,,,,,,,,,,,,,,
2/10/22 16:46,2/10/22 16:50,IP Address,24.2.74.72,87,247,FALSE,2/17/22 16:50,R_1k1sL6gX3Ynb0Pq,,,,,,,anonymous,EN,Yes,Yes,5th year ,,24-26,White or Caucasian,Cis-Gender Woman ,,Brigham University,,,,"Math, computing, and data sciences ",,No second undergraduate major ,,"Math, computing, and data sciences ",,No,United States,No,,Unsure,"Health equity ,Public health ,Research opportunities ,Want to provide healthcare to underserved communities",Public Health ,Agree,I don’t know,"Time constraints with pre-medical class demands, shadowing, volunteering, etc ,Financial barriers that prevent students from participating in medical mission trips or unpaid global health internships  ",,"Education on the community’s culture and history ,Medical ethics education",,Strongly Disagree ,"Lack of medical equipment and supplies ,Lack of health insurance/ a way to pay for medical care ,Lack of patient education regarding available healthcare ",,,,,,,,,,,,,,,,,,,,,,,,
2/10/22 17:33,2/10/22 17:37,IP Address,73.138.19.203,87,219,FALSE,2/17/22 17:37,R_8pMsCBOoNmyemc1,,,,,,,anonymous,EN,Yes,Yes,2nd year,,18-20,Hispanic or Latino,Cis-Gender Woman ,,Florida International University,,Bachelor of Science ,,Natural and physical sciences ,,No second undergraduate major ,,No minor ,,No,United States,No,,No ,,"Business ,Policy and Advocacy ,Public Health ,Sociology ,Ethics",Agree,I don’t know,"Time constraints with pre-medical class demands, shadowing, volunteering, etc ,Financial barriers that prevent students from participating in medical mission trips or unpaid global health internships  ",,"Education on the community’s culture and history ,Knowledge of the local language ,Medical ethics education,Previous volunteer experience",Agree,Undecided ,"Lack of health insurance/ a way to pay for medical care ,Language barriers ",,,,,,,,,,,,,,,,,,,,,,,,
2/11/22 21:36,2/11/22 21:39,IP Address,170.140.105.11,87,192,FALSE,2/18/22 21:39,R_blxpJDJoH8IVBWp,,,,,,,anonymous,EN,Yes,Yes,2nd year,,18-20,Asian,Cis-Gender Woman ,,Emory University,,Bachelor of Science ,,Natural and physical sciences ,,No second undergraduate major ,,"Public health, health sciences, and nursing ",,No,United States,No,,Yes,"Health equity ,Public health ,Travel opportunities ,Non-profit and healthcare administration,Want to provide healthcare to underserved communities"," Economics ,Law ,Anthropology ,Policy and Advocacy ,Public Health ,Sociology ,Language,Ethics",Agree,No,"Lack of extracurricular opportunities to explore the global health field at the student’s undergraduate institution,Lack of global health research opportunities at the undergraduate level,Ethical issues with undergraduate students being involved in healthcare in a resource-limited community ",,"Education on the community’s culture and history ,Knowledge of the local language ,A non-clinical role on the mission trip (ex. Scribe, translator, research assistant, etc)",Undecided ,Undecided ,"Physician supply (not enough qualified physicians) ,Lack of medical equipment and supplies ,Lack of health insurance/ a way to pay for medical care ,Lack of patient education regarding available healthcare ,Language barriers ,Transportation barriers ,Infrastructure (not adequate roads/buildings/etc)",,,,,,,,,,,,,,,,,,,,,,,,
2/19/22 8:55,2/19/22 9:03,IP Address,172.58.188.74,100,498,TRUE,2/19/22 9:03,R_2wgXR08KTrd1Asi,,,,,38.92080688,-77.03600311,anonymous,EN,Yes,Yes,1st year ,,18-20,Black or African American ,Cis-Gender Woman ,,George Washington University,,Bachelor of Science ,,Natural and physical sciences ,,,,Literature and language ,,No,United States,No,,Yes,"Health equity ,Public health ,Travel opportunities ,Research opportunities ,Non-profit and healthcare administration,Want to provide healthcare to underserved communities,Cross-cultural experiences ","Business ,Law ,Anthropology ,Policy and Advocacy ,Public Health ,Sociology ,Language,Ethics",Strongly Agree ,No,"Lack of global health faculty and faculty mentorship at the student’s undergraduate institution ,Lack of extracurricular opportunities to explore the global health field at the student’s undergraduate institution,Time constraints with pre-medical class demands, shadowing, volunteering, etc ,Financial barriers that prevent students from participating in medical mission trips or unpaid global health internships  ,Lack of global health research opportunities at the undergraduate level,Ethical issues with undergraduate students being involved in healthcare in a resource-limited community ,Lack of mentorship from physicians involved in global health ",,"Education on the community’s culture and history ,Knowledge of the local language ,Medical ethics education,Previous volunteer experience",Strongly Agree ,Agree,"Physician supply (not enough qualified physicians) ,Lack of medical equipment and supplies ,Lack of health insurance/ a way to pay for medical care ,Lack of patient education regarding available healthcare ,Language barriers ,Transportation barriers ",4,3,1,9,7,8,2,10,5,11,6,3,4,2,6,7,9,5,10,1,11,8,"Emergency medicine ,Infectious Diseases,Surgical care (elective, urgent & obstetric)",Strongly Agree 
2/12/22 12:23,2/12/22 12:28,IP Address,104.6.77.112,87,267,FALSE,2/19/22 12:28,R_ulHdMdyA9dGjx5f,,,,,,,anonymous,EN,Yes,Yes,3rd year,,18-20,Hispanic or Latino,Cis-Gender Woman ,,Florida International University,,Bachelor of Arts ,,Social science ,,No second undergraduate major ,,No minor ,,No,United States,No,,No ,Not interested in the global health field ,"Business ,Policy and Advocacy ,Public Health ,Sociology ,Ethics",Disagree,I don’t know,"Lack of global health faculty and faculty mentorship at the student’s undergraduate institution ,Lack of extracurricular opportunities to explore the global health field at the student’s undergraduate institution,Time constraints with pre-medical class demands, shadowing, volunteering, etc ",,Education on the community’s culture and history ,Agree,Agree,"Physician supply (not enough qualified physicians) ,Lack of medical equipment and supplies ,Lack of health insurance/ a way to pay for medical care ,Lack of patient education regarding available healthcare ,Language barriers ,Transportation barriers ,Infrastructure (not adequate roads/buildings/etc)",,,,,,,,,,,,,,,,,,,,,,,,
2/14/22 8:35,2/14/22 8:35,IP Address,147.174.8.180,10,17,FALSE,2/21/22 8:35,R_336Zvrcu1Mxliex,,,,,,,anonymous,EN,Yes,Yes,,,,,,,,,,,,,,,,,,,,,,,,,,,,,,,,,,,,,,,,,,,,,,,,,,,,,,,
2/19/22 20:53,2/19/22 20:56,IP Address,172.58.238.129,63,140,FALSE,2/26/22 20:56,R_2uKvlh7U2RPINRv,,,,,,,anonymous,EN,Yes,Yes,1st year ,,18-20,White or Caucasian,,,University of Connecticut,,Bachelor of Science ,,Natural and physical sciences ,,No second undergraduate major ,,No minor ,,No,,No,,Unsure,Not interested in the global health field ,"Public Health ,Language",,,,,,,,,,,,,,,,,,,,,,,,,,,,,,,,
2/19/22 1:07,2/21/22 8:31,IP Address,136.36.192.235,87,199422,FALSE,2/28/22 8:31,R_3lEmxQbBcz5DVKN,,,,,,,anonymous,EN,Yes,Yes,5th year ,,24-26,White or Caucasian,Cis-Gender Woman ,,Other,brigham young university,Bachelor of Science ,,Engineering ,,No second undergraduate major ,,Arts ,,No,United States,No,,Unsure,"Health equity ,Research opportunities ,Want to provide healthcare to underserved communities"," Economics ,Business ,Law ,Language,Ethics",Agree,I don’t know,"Lack of extracurricular opportunities to explore the global health field at the student’s undergraduate institution,Time constraints with pre-medical class demands, shadowing, volunteering, etc ,Financial barriers that prevent students from participating in medical mission trips or unpaid global health internships  ,Lack of mentorship from physicians involved in global health ",,"United States clinical certification (ex. EMT, CNA, etc),Previous volunteer experience,A non-clinical role on the mission trip (ex. Scribe, translator, research assistant, etc)",Strongly Agree ,Strongly Agree ,"Lack of health insurance/ a way to pay for medical care ,Lack of patient education regarding available healthcare ,Language barriers ",,,,,,,,,,,,,,,,,,,,,,,,
3/1/22 11:21,3/1/22 11:21,IP Address,170.140.105.8,100,44,TRUE,3/1/22 11:21,R_7VS1nw1nCnd3pG9,,,,,33.7940979,-84.32499695,anonymous,EN,Yes,,,,,,,,,,,,,,,,,,,,,,,,,,,,,,,,,,,,,,,,,,,,,,,,,,,,,,,,
3/1/22 11:22,3/1/22 11:38,IP Address,170.140.105.8,100,991,TRUE,3/1/22 11:38,R_1IZbyoBr8FubE9T,,,,,33.7940979,-84.32499695,anonymous,EN,Yes,Yes,4th year,,21-23,Other,Cis-Gender Woman ,,Emory University,,Bachelor of Science ,,Natural and physical sciences ,,No second undergraduate major ,,No minor ,,No,United States,No,,No ,Not interested in the global health field ,"Public Health ,Sociology ",Agree,I don’t know,"Lack of global health faculty and faculty mentorship at the student’s undergraduate institution ,Lack of extracurricular opportunities to explore the global health field at the student’s undergraduate institution,Time constraints with pre-medical class demands, shadowing, volunteering, etc ",,"Education on the community’s culture and history ,Knowledge of the local language ,Medical ethics education",Agree,Disagree,"Physician supply (not enough qualified physicians) ,Lack of medical equipment and supplies ,Lack of health insurance/ a way to pay for medical care ",1,5,3,8,4,9,6,10,2,7,11,2,5,1,6,3,8,7,10,4,9,11,"Emergency medicine ,Family medicine ,Surgical care (elective, urgent & obstetric)",Agree
3/1/22 18:13,3/1/22 18:18,IP Address,170.140.104.31,100,259,TRUE,3/1/22 18:18,R_1l6IiceKLhPJYLP,,,,,33.7940979,-84.32499695,anonymous,EN,Yes,Yes,4th year,,18-20,Asian,Cis-Gender Woman ,,Emory University,,,,Natural and physical sciences ,,No second undergraduate major ,,No minor ,,Yes,,Yes,10 - 15 years ,Yes,"Health equity ,Travel opportunities ,Cross-cultural experiences ","Anthropology ,Public Health ,Sociology ,Language,Ethics",Strongly Agree ,No,"Lack of extracurricular opportunities to explore the global health field at the student’s undergraduate institution,Time constraints with pre-medical class demands, shadowing, volunteering, etc ,Financial barriers that prevent students from participating in medical mission trips or unpaid global health internships  ,Lack of global health research opportunities at the undergraduate level",,"United States clinical certification (ex. EMT, CNA, etc),Education on the community’s culture and history ,A non-clinical role on the mission trip (ex. Scribe, translator, research assistant, etc)",Undecided ,Disagree,"Physician supply (not enough qualified physicians) ,Lack of medical equipment and supplies ,Language barriers ,Infrastructure (not adequate roads/buildings/etc)",1,6,5,10,3,7,4,11,2,8,9,1,7,6,10,3,5,2,11,4,8,9,"Emergency medicine ,Family medicine ,Pediatrics ",Strongly Agree 
3/2/22 0:45,3/2/22 0:58,IP Address,174.204.2.20,100,736,TRUE,3/2/22 0:58,R_2PAwQgnjMI9bVg9,,,,,43.61650085,-116.2001038,anonymous,EN,Yes,Yes,3rd year,,18-20,White or Caucasian,Cis-Gender Woman ,,Idaho State University,,Bachelor of Science ,,"Public health, health sciences, and nursing ",,No second undergraduate major ,,No minor ,,No,United States,No,,Unsure,"Travel opportunities ,Non-profit and healthcare administration,Want to provide healthcare to underserved communities,Cross-cultural experiences "," Economics ,Business ,Law ,Anthropology ,Policy and Advocacy ,Public Health ,Language,Ethics",Strongly Agree ,No,"Lack of global health faculty and faculty mentorship at the student’s undergraduate institution ,Lack of extracurricular opportunities to explore the global health field at the student’s undergraduate institution,Time constraints with pre-medical class demands, shadowing, volunteering, etc ,Financial barriers that prevent students from participating in medical mission trips or unpaid global health internships  ",,Education on the community’s culture and history ,Undecided ,Disagree,"Physician supply (not enough qualified physicians) ,Lack of medical equipment and supplies ,Lack of patient education regarding available healthcare ,Transportation barriers ",3,1,6,11,2,7,8,5,4,10,9,5,1,10,8,4,6,7,2,3,11,9,"Emergency medicine ,Family medicine ,Psychiatry ",Disagree
3/1/22 9:11,3/1/22 9:11,IP Address,170.140.104.28,13,16,FALSE,3/8/22 9:11,R_301VeudB24IkM9J,,,,,,,anonymous,EN,Yes,Yes,1st year ,,,,,,,,,,,,,,,,,,,,,,,,,,,,,,,,,,,,,,,,,,,,,,,,,,,,,,
3/9/22 15:54,3/9/22 16:09,IP Address,129.2.180.93,100,856,TRUE,3/9/22 16:09,R_3PLekoVnAc14snA,,,,,38.99650574,-76.93399811,anonymous,EN,Yes,Yes,4th year,,24-26,Other,Prefer not to respond ,,University of Maryland,,Bachelor of Science ,,"Public health, health sciences, and nursing ",,Social science ,,Social science ,,,,Yes,15+ years ,Yes,"Health equity ,Public health ,Research opportunities ,Non-profit and healthcare administration,Want to provide healthcare to underserved communities"," Economics ,Law ,Anthropology ,Policy and Advocacy ,Public Health ,Sociology ,Language,Ethics",Agree,No,"Lack of global health faculty and faculty mentorship at the student’s undergraduate institution ,Lack of extracurricular opportunities to explore the global health field at the student’s undergraduate institution,Time constraints with pre-medical class demands, shadowing, volunteering, etc ,Financial barriers that prevent students from participating in medical mission trips or unpaid global health internships  ,Lack of global health research opportunities at the undergraduate level",,"United States clinical certification (ex. EMT, CNA, etc),Education on the community’s culture and history ,Knowledge of the local language ,Medical ethics education,Previous volunteer experience",Disagree,Disagree,"Lack of health insurance/ a way to pay for medical care ,Lack of patient education regarding available healthcare ,Language barriers ,Transportation barriers ,Infrastructure (not adequate roads/buildings/etc)",2,3,1,5,6,7,4,8,9,10,11,,,,,,,,,,,,,Agree
3/9/22 21:40,3/9/22 21:47,IP Address,129.2.180.135,100,412,TRUE,3/9/22 21:47,R_55sNGGYP19jCd2x,,,,,38.99650574,-76.93399811,anonymous,EN,Yes,Yes,1st year ,,18-20,Black or African American ,Cis-Gender Woman ,,University of Maryland,,Bachelor of Arts ,,Literature and language ,,Natural and physical sciences ,,No minor ,,Yes,,Yes,1 - 5 years ,Yes,"Travel opportunities ,Want to provide healthcare to underserved communities","Anthropology ,Public Health ,Sociology ,Language,Ethics",Strongly Agree ,No,"Time constraints with pre-medical class demands, shadowing, volunteering, etc ,Financial barriers that prevent students from participating in medical mission trips or unpaid global health internships  ,Lack of mentorship from physicians involved in global health ",,"Education on the community’s culture and history ,Medical ethics education",Undecided ,Disagree,"Physician supply (not enough qualified physicians) ,Lack of health insurance/ a way to pay for medical care ,Lack of patient education regarding available healthcare ,Infrastructure (not adequate roads/buildings/etc)",4,2,6,11,1,7,3,9,5,8,10,4,2,3,11,1,7,8,5,6,10,9,"Emergency medicine ,Family medicine ,Infectious Diseases",Strongly Agree 
3/3/22 18:10,3/3/22 18:15,IP Address,100.37.95.15,87,292,FALSE,3/10/22 18:15,R_2frMNQFUfW85Qdm,,,,,,,anonymous,EN,Yes,Yes,2nd year,,18-20,White or Caucasian,Cis-Gender Woman ,,Emory University,,Bachelor of Arts ,,"Public health, health sciences, and nursing ",,No second undergraduate major ,,"Public health, health sciences, and nursing ",,No,United States,No,,Yes,"Health equity ,Public health ,Travel opportunities ,Research opportunities ,Want to provide healthcare to underserved communities,Cross-cultural experiences ","Anthropology ,Public Health ,Sociology ,Language,Ethics",Agree,I don’t know,"Lack of global health faculty and faculty mentorship at the student’s undergraduate institution ,Lack of extracurricular opportunities to explore the global health field at the student’s undergraduate institution,Time constraints with pre-medical class demands, shadowing, volunteering, etc ,Financial barriers that prevent students from participating in medical mission trips or unpaid global health internships  ,Lack of global health research opportunities at the undergraduate level,Ethical issues with undergraduate students being involved in healthcare in a resource-limited community ,Lack of mentorship from physicians involved in global health ",,"Education on the community’s culture and history ,Medical ethics education",Disagree,Disagree,"Lack of medical equipment and supplies ,Lack of patient education regarding available healthcare ,Infrastructure (not adequate roads/buildings/etc)",,,,,,,,,,,,,,,,,,,,,,,,